{"cameraMode":{"drawMode":0,"name":"Shaded","section":"Shading Mode"},"sceneLighting":true,"audioPlay":false,"sceneViewState":{"m_AlwaysRefresh":false,"showFog":true,"showSkybox":false,"showFlares":true,"showImageEffects":true,"showParticleSystems":true,"showVisualEffectGraphs":true,"m_FxEnabled":true},"in2DMode":false,"pivot":{"x":78.23443603515625,"y":264.17596435546877,"z":-1060.3636474609375},"rotation":{"x":0.044375039637088779,"y":0.01947932131588459,"z":-0.0008653274271637201,"w":0.9988340735435486},"size":377.45489501953127,"orthographic":true}