{"cameraMode":{"drawMode":0,"name":"Shaded","section":"Shading Mode"},"sceneLighting":true,"audioPlay":false,"sceneViewState":{"m_AlwaysRefresh":false,"showFog":true,"showSkybox":true,"showFlares":true,"showImageEffects":true,"showParticleSystems":true,"showVisualEffectGraphs":true,"m_FxEnabled":true},"in2DMode":false,"pivot":{"x":725.9884643554688,"y":339.0672912597656,"z":16.313356399536134},"rotation":{"x":0.028493545949459077,"y":-0.013494117185473442,"z":0.00038468543789349496,"w":0.9995026588439941},"size":379.1170654296875,"orthographic":false}