{"cameraMode":{"drawMode":0,"name":"Shaded","section":"Shading Mode"},"sceneLighting":true,"audioPlay":false,"sceneViewState":{"m_AlwaysRefresh":false,"showFog":true,"showSkybox":true,"showFlares":true,"showImageEffects":true,"showParticleSystems":true,"showVisualEffectGraphs":true,"m_FxEnabled":true},"in2DMode":false,"pivot":{"x":413.68243408203127,"y":265.5873107910156,"z":-169.63186645507813},"rotation":{"x":0.0599585585296154,"y":-0.01347540132701397,"z":0.0008115152595564723,"w":0.9981144666671753},"size":249.6465606689453,"orthographic":true}